title,price,release,link
God of War,discount from ‚Ç™199.00 to ‚Ç™119.40 (40%),"14 Jan, 2022",https://store.steampowered.com/app/1593500/God_of_War/?snr=1_7_7_151_150_1
Shadow Unit - GOD OF WAR EDITION,none,Coming soon,https://store.steampowered.com/app/914120/Shadow_Unit__GOD_OF_WAR_EDITION/?snr=1_7_7_151_150_1
Total War: WARHAMMER III - Champions of Chaos,‚Ç™69.95,"23 Aug, 2022",https://store.steampowered.com/app/1824060/Total_War_WARHAMMER_III__Champions_of_Chaos/?snr=1_7_7_151_150_1
"RTK13 - Additional scenario „ÄùThe God of War, Surrounded‚Ä≥ ËøΩÂä†„Ç∑„Éä„É™„Ç™„ÄåËªçÁ•ûÂåÖÂõ≤Á∂≤„Äç",Free,"19 Oct, 2016",https://store.steampowered.com/app/506803/RTK13__Additional_scenario_The_God_of_War_Surrounded/?snr=1_7_7_151_150_1
PARTICLE OF GOD,none,TBC,https://store.steampowered.com/app/1934440/PARTICLE_OF_GOD/?snr=1_7_7_151_150_1
Trillion: God of Destruction,‚Ç™36.95,"7 Nov, 2016",https://store.steampowered.com/app/451780/Trillion_God_of_Destruction/?snr=1_7_7_151_150_1
"NOBUNAGA'S AMBITION: SoI - Scenario 2 ""God of War Descends""",‚Ç™10.95,"1 Sep, 2015",https://store.steampowered.com/app/392640/NOBUNAGAS_AMBITION_SoI__Scenario_2_God_of_War_Descends/?snr=1_7_7_151_150_1
Total War: WARHAMMER II - Rise of the Tomb Kings,‚Ç™73.95,"23 Jan, 2018",https://store.steampowered.com/app/617870/Total_War_WARHAMMER_II__Rise_of_the_Tomb_Kings/?snr=1_7_7_151_150_1
Agarest: Generations of War,‚Ç™55.95,"3 Oct, 2013",https://store.steampowered.com/app/237890/Agarest_Generations_of_War/?snr=1_7_7_151_150_1
Artemis: God-Queen of The Hunt,‚Ç™29.50,"29 May, 2019",https://store.steampowered.com/app/1081850/Artemis_GodQueen_of_The_Hunt/?snr=1_7_7_151_150_1
Total War: WARHAMMER II - Curse of the Vampire Coast,‚Ç™73.95,"8 Nov, 2018",https://store.steampowered.com/app/835670/Total_War_WARHAMMER_II__Curse_of_the_Vampire_Coast/?snr=1_7_7_151_150_1
Blackthorn Arena - Gods of War,‚Ç™10.95,"17 Jul, 2020",https://store.steampowered.com/app/1352030/Blackthorn_Arena__Gods_of_War/?snr=1_7_7_151_150_1
Ages of Conflict: World War Simulator,none,Coming soon,https://store.steampowered.com/app/2186320/Ages_of_Conflict_World_War_Simulator/?snr=1_7_7_151_150_1
Guild Wars 2: Heart of Thorns‚Ñ¢ & Guild Wars 2: Path of Fire‚Ñ¢ Expansions,‚Ç™98.83,"23 Aug, 2022",https://store.steampowered.com/app/1996840/Guild_Wars_2_Heart_of_Thorns__Guild_Wars_2_Path_of_Fire_Expansions/?snr=1_7_7_151_150_1
Agarest: Generations of War 2,‚Ç™73.95,"19 Feb, 2015",https://store.steampowered.com/app/312790/Agarest_Generations_of_War_2/?snr=1_7_7_151_150_1
Total War: ROME II - Beasts of War Unit Pack,‚Ç™12.95,"17 Feb, 2014",https://store.steampowered.com/app/267630/Total_War_ROME_II__Beasts_of_War_Unit_Pack/?snr=1_7_7_151_150_1
Evil West,‚Ç™199.00,"21 Nov, 2022",https://store.steampowered.com/app/1065310/Evil_West/?snr=1_7_7_151_150_1
Agarest: Generations of War Zero,‚Ç™73.95,"17 Apr, 2014",https://store.steampowered.com/app/260130/Agarest_Generations_of_War_Zero/?snr=1_7_7_151_150_1
Hermes: War of the Gods,discount from ‚Ç™25.95 to ‚Ç™7.78 (70%),"4 Dec, 2019",https://store.steampowered.com/app/1197700/Hermes_War_of_the_Gods/?snr=1_7_7_151_150_1
War for the Overworld,‚Ç™110.95,"2 Apr, 2015",https://store.steampowered.com/app/230190/War_for_the_Overworld/?snr=1_7_7_151_150_1
Kingdom Under Fire: A War of Heroes (GOLD Edition),Free,"6 Dec, 2022",https://store.steampowered.com/app/2183600/Kingdom_Under_Fire_A_War_of_Heroes_GOLD_Edition/?snr=1_7_7_151_150_1
A Plague Tale: Requiem,‚Ç™199.00,"17 Oct, 2022",https://store.steampowered.com/app/1182900/A_Plague_Tale_Requiem/?snr=1_7_7_151_150_1
ÂÜõÂõ¢ÊàòÊ£ãLegion War,‚Ç™36.95,"14 Jul, 2021",https://store.steampowered.com/app/975270/Legion_War/?snr=1_7_7_151_150_1
Total War: ATTILA - Empires of Sand Culture Pack,‚Ç™38.95,"15 Sep, 2015",https://store.steampowered.com/app/343463/Total_War_ATTILA__Empires_of_Sand_Culture_Pack/?snr=1_7_7_151_150_1
A Plague Tale: Innocence,discount from ‚Ç™149.00 to ‚Ç™52.15 (65%),"14 May, 2019",https://store.steampowered.com/app/752590/A_Plague_Tale_Innocence/?snr=1_7_7_151_150_1
A Plague Tale: Innocence,discount from ‚Ç™149.00 to ‚Ç™52.15 (65%),"14 May, 2019",https://store.steampowered.com/app/752590/A_Plague_Tale_Innocence/?snr=1_7_7_151_150_2
Empires of the Undergrowth,‚Ç™73.95,"1 Dec, 2017",https://store.steampowered.com/app/463530/Empires_of_the_Undergrowth/?snr=1_7_7_151_150_2
"Warhammer¬Æ 40,000: Dawn of War¬Æ II Chaos Rising",‚Ç™73.95,"11 Mar, 2010",https://store.steampowered.com/app/20570/Warhammer_40000_Dawn_of_War_II_Chaos_Rising/?snr=1_7_7_151_150_2
War on Mars,none,2022-2023,https://store.steampowered.com/app/1594360/War_on_Mars/?snr=1_7_7_151_150_2
End War RTS,‚Ç™3.50,"31 Jul, 2018",https://store.steampowered.com/app/896650/End_War_RTS/?snr=1_7_7_151_150_2
Total War: ROME II - Daughters of Mars Unit Pack,‚Ç™12.95,"14 Aug, 2014",https://store.steampowered.com/app/297830/Total_War_ROME_II__Daughters_of_Mars_Unit_Pack/?snr=1_7_7_151_150_2
An Odyssey: Echoes of War,‚Ç™21.95,"26 Dec, 2019",https://store.steampowered.com/app/1199220/An_Odyssey_Echoes_of_War/?snr=1_7_7_151_150_2
City of God I:Prison Empire-Tide of Iron-Èí¢ÈìÅÊ¥™ÊµÅ,‚Ç™7.25,"10 May, 2018",https://store.steampowered.com/app/851313/City_of_God_IPrison_EmpireTide_of_Iron/?snr=1_7_7_151_150_2
City of God I:Prison Empire-Fulinkzan-È¢®ÊûóÁÅ´Â±±,‚Ç™7.25,"10 May, 2018",https://store.steampowered.com/app/851273/City_of_God_IPrison_EmpireFulinkzan/?snr=1_7_7_151_150_2
Love n War: Warlord by Chance - Sisters of Castus,‚Ç™7.25,"19 Sep, 2021",https://store.steampowered.com/app/1660900/Love_n_War_Warlord_by_Chance__Sisters_of_Castus/?snr=1_7_7_151_150_2
War for the Overworld Ultimate Edition,‚Ç™219.45,none,https://store.steampowered.com/bundle/1724/War_for_the_Overworld_Ultimate_Edition/?snr=1_7_7_151_150_2
Kingdom Heroes 8 God Zhao Yun,‚Ç™3.50,"14 Sep, 2021",https://store.steampowered.com/app/1711772/Kingdom_Heroes_8_God_Zhao_Yun/?snr=1_7_7_151_150_2
Songs of Syx,‚Ç™92.95,"21 Sep, 2020",https://store.steampowered.com/app/1162750/Songs_of_Syx/?snr=1_7_7_151_150_2
An Odyssey: Echoes of War Demo,Free Demo,"26 Dec, 2019",https://store.steampowered.com/app/1199220/An_Odyssey_Echoes_of_War/?snr=1_7_7_151_150_2
Assassin's Creed¬Æ Valhalla - Dawn of Ragnar√∂k,discount from ‚Ç™159.00 to ‚Ç™79.50 (50%),"6 Dec, 2022",https://store.steampowered.com/app/2210140/Assassins_Creed_Valhalla__Dawn_of_Ragnark/?snr=1_7_7_151_150_2
No King No Kingdom - Altar of War,‚Ç™18.50,"1 Aug, 2022",https://store.steampowered.com/app/2078220/No_King_No_Kingdom__Altar_of_War/?snr=1_7_7_151_150_2
Dragon Age‚Ñ¢ Inquisition,‚Ç™169.00,"4 Jun, 2020",https://store.steampowered.com/app/1222690/Dragon_Age_Inquisition/?snr=1_7_7_151_150_2
"Warhammer 40,000: Dawn of War II - Retribution - Ridiculously Bloody Blood Pack",‚Ç™7.25,"29 Oct, 2015",https://store.steampowered.com/app/378040/Warhammer_40000_Dawn_of_War_II__Retribution__Ridiculously_Bloody_Blood_Pack/?snr=1_7_7_151_150_2
"Warhammer¬Æ 40,000‚Ñ¢: Dawn of War¬Æ II - Retribution - The Last Stand Necron Overlord",‚Ç™36.95,"15 Mar, 2016",https://store.steampowered.com/app/378041/Warhammer_40000_Dawn_of_War_II__Retribution__The_Last_Stand_Necron_Overlord/?snr=1_7_7_151_150_2
War for the Overworld - The Under Games Expansion,‚Ç™36.95,"20 Apr, 2018",https://store.steampowered.com/app/594630/War_for_the_Overworld__The_Under_Games_Expansion/?snr=1_7_7_151_150_2
War for the Overworld - My Pet Dungeon Expansion,‚Ç™29.50,"3 Apr, 2017",https://store.steampowered.com/app/542160/War_for_the_Overworld__My_Pet_Dungeon_Expansion/?snr=1_7_7_151_150_2
Swords of Legends Online,Free to Play,"9 Jul, 2021",https://store.steampowered.com/app/1418100/Swords_of_Legends_Online/?snr=1_7_7_151_150_2
Shadows of Forbidden Gods,‚Ç™73.95,"1 Nov, 2021",https://store.steampowered.com/app/1741640/Shadows_of_Forbidden_Gods/?snr=1_7_7_151_150_2
Baldur's Gate: Siege of Dragonspear,‚Ç™73.95,"31 Mar, 2016",https://store.steampowered.com/app/385970/Baldurs_Gate_Siege_of_Dragonspear/?snr=1_7_7_151_150_2
Agony: Lords of Hell,none,TBA,https://store.steampowered.com/app/1493430/Agony_Lords_of_Hell/?snr=1_7_7_151_150_2
Warriors of the Nile 2,‚Ç™55.95,"23 Aug, 2022",https://store.steampowered.com/app/1682060/Warriors_of_the_Nile_2/?snr=1_7_7_151_150_3
The Heroic Legend of Eagarlnia,‚Ç™47.95,"13 Apr, 2022",https://store.steampowered.com/app/1116880/The_Heroic_Legend_of_Eagarlnia/?snr=1_7_7_151_150_3
ÂÜõÂõ¢ÊàòÊ£ã Legion War Demo,Free Demo,"14 Feb, 2019",https://store.steampowered.com/app/975270/Legion_War/?snr=1_7_7_151_150_3
Rocksmith¬Æ 2014 Edition ‚Äì Remastered ‚Äì Amon Amarth - ‚ÄúWar of the Gods‚Äù,‚Ç™10.95,"31 Oct, 2017",https://store.steampowered.com/app/637771/Rocksmith_2014_Edition__Remastered__Amon_Amarth__War_of_the_Gods/?snr=1_7_7_151_150_3
Black Geyser: Couriers of Darkness,‚Ç™110.95,"17 Mar, 2022",https://store.steampowered.com/app/1374930/Black_Geyser_Couriers_of_Darkness/?snr=1_7_7_151_150_3
Sands of Aura,‚Ç™92.95,"21 Oct, 2021",https://store.steampowered.com/app/1119840/Sands_of_Aura/?snr=1_7_7_151_150_3
Lords of Xulima,‚Ç™73.95,"14 Nov, 2014",https://store.steampowered.com/app/296570/Lords_of_Xulima/?snr=1_7_7_151_150_3
Choice of Magics,‚Ç™25.95,"10 Aug, 2018",https://store.steampowered.com/app/918380/Choice_of_Magics/?snr=1_7_7_151_150_3
Best of Kalypso Bundle,‚Ç™401.20,none,https://store.steampowered.com/bundle/23874/Best_of_Kalypso_Bundle/?snr=1_7_7_151_150_3
Age of Mythology EX: Tale of the Dragon,‚Ç™36.95,"28 Jan, 2016",https://store.steampowered.com/app/355960/Age_of_Mythology_EX_Tale_of_the_Dragon/?snr=1_7_7_151_150_3
12 Labours of Hercules V: Kids of Hellas (Platinum Edition),‚Ç™10.95,"17 Jun, 2016",https://store.steampowered.com/app/491330/12_Labours_of_Hercules_V_Kids_of_Hellas_Platinum_Edition/?snr=1_7_7_151_150_3
Champion of the Gods,‚Ç™18.50,"17 Jul, 2015",https://store.steampowered.com/app/386520/Champion_of_the_Gods/?snr=1_7_7_151_150_3
The Tarnishing of Juxtia,‚Ç™94.33,"26 Jul, 2022",https://store.steampowered.com/app/1428710/The_Tarnishing_of_Juxtia/?snr=1_7_7_151_150_3
Legend of Ares,Free To Play,"31 May, 2017",https://store.steampowered.com/app/536950/Legend_of_Ares/?snr=1_7_7_151_150_3
Guardians of Temple,none,"29 Dec, 2022",https://store.steampowered.com/app/1981360/Guardians_of_Temple/?snr=1_7_7_151_150_3
The Legend of Heroes: Sen no Kiseki III,‚Ç™169.95,"24 Mar, 2021",https://store.steampowered.com/app/1450080/The_Legend_of_Heroes_Sen_no_Kiseki_III/?snr=1_7_7_151_150_3
Reign Of Kings,discount from ‚Ç™36.95 to ‚Ç™9.23 (75%),"15 Dec, 2015",https://store.steampowered.com/app/344760/Reign_Of_Kings/?snr=1_7_7_151_150_3
World of Myths,Free To Play,"30 May, 2019",https://store.steampowered.com/app/907310/World_of_Myths/?snr=1_7_7_151_150_3
Seal of Evil,‚Ç™36.95,"27 Jan, 2022",https://store.steampowered.com/app/1726410/Seal_of_Evil/?snr=1_7_7_151_150_3
"Warhammer 40,000: Dawn of War II: Retribution - Word Bearers Skin Pack",‚Ç™25.95,"20 Oct, 2011",https://store.steampowered.com/app/56488/Warhammer_40000_Dawn_of_War_II_Retribution__Word_Bearers_Skin_Pack/?snr=1_7_7_151_150_3
The Odyssey: Winds of Athena,‚Ç™18.50,"6 Nov, 2015",https://store.steampowered.com/app/416080/The_Odyssey_Winds_of_Athena/?snr=1_7_7_151_150_3
Defense of Egypt: Cleopatra Mission,‚Ç™25.95,"29 Sep, 2016",https://store.steampowered.com/app/534010/Defense_of_Egypt_Cleopatra_Mission/?snr=1_7_7_151_150_3
Tears of Avia,‚Ç™55.95,"15 Oct, 2020",https://store.steampowered.com/app/461510/Tears_of_Avia/?snr=1_7_7_151_150_3
Story of a Gladiator,discount from ‚Ç™40.95 to ‚Ç™32.76 (20%),"27 Nov, 2019",https://store.steampowered.com/app/848060/Story_of_a_Gladiator/?snr=1_7_7_151_150_3
Kingdoms of Amalur: Re-Reckoning - Fatesworn,‚Ç™73.95,"14 Dec, 2021",https://store.steampowered.com/app/1278260/Kingdoms_of_Amalur_ReReckoning__Fatesworn/?snr=1_7_7_151_150_3
Guardian Of December,‚Ç™18.50,"30 Nov, 2016",https://store.steampowered.com/app/563910/Guardian_Of_December/?snr=1_7_7_151_150_4
Mordheim: City of the Damned - Wolf-Priest of Ulric,‚Ç™7.25,"14 Apr, 2016",https://store.steampowered.com/app/450810/Mordheim_City_of_the_Damned__WolfPriest_of_Ulric/?snr=1_7_7_151_150_4
Trail of Ayash,none,üü¢ Play Prologue,https://store.steampowered.com/app/1383370/Trail_of_Ayash/?snr=1_7_7_151_150_4
Fantasy Grounds - Pathfinder RPG - Kingmaker AP 5: War of the River Kings,‚Ç™73.95,"1 Aug, 2017",https://store.steampowered.com/app/688820/Fantasy_Grounds__Pathfinder_RPG__Kingmaker_AP_5_War_of_the_River_Kings/?snr=1_7_7_151_150_4
"Warhammer 40,000: Dawn of War II - Retribution Chaos Space Marines Race Pack",‚Ç™3.50,"3 Mar, 2011",https://store.steampowered.com/app/56431/Warhammer_40000_Dawn_of_War_II__Retribution_Chaos_Space_Marines_Race_Pack/?snr=1_7_7_151_150_4
Breath of the Gods,none,Coming soon,https://store.steampowered.com/app/2188510/Breath_of_the_Gods/?snr=1_7_7_151_150_4
The Chronicles of Nyanya,discount from ‚Ç™73.95 to ‚Ç™7.39 (90%),"16 Feb, 2018",https://store.steampowered.com/app/704200/The_Chronicles_of_Nyanya/?snr=1_7_7_151_150_4
Exile of the Gods,‚Ç™25.95,"11 Jul, 2019",https://store.steampowered.com/app/1069610/Exile_of_the_Gods/?snr=1_7_7_151_150_4
Dice Of Olympus,none,Coming soon,https://store.steampowered.com/app/1515580/Dice_Of_Olympus/?snr=1_7_7_151_150_4
Â≠êÂ§ú‰πãÁ´†:ÂéÜÂè≤ÁöÑÁªàÂ±ÄÔΩûMidNights of DesperadoÔΩû,discount from ‚Ç™18.50 to ‚Ç™10.17 (45%),"12 Mar, 2021",https://store.steampowered.com/app/1209770/MidNights_of_Desperado/?snr=1_7_7_151_150_4
Heroes of Steel RPG,‚Ç™36.95,"23 Apr, 2014",https://store.steampowered.com/app/291190/Heroes_of_Steel_RPG/?snr=1_7_7_151_150_4
HYBRIS - Pulse of Ruin,‚Ç™18.50,"14 Jun, 2018",https://store.steampowered.com/app/778800/HYBRIS__Pulse_of_Ruin/?snr=1_7_7_151_150_4
Cry of Athena VR Battle Simulator  VR Only,none,Coming soon,https://store.steampowered.com/app/1174770/Cry_of_Athena_VR_Battle_Simulator/?snr=1_7_7_151_150_4
Children of the Nile: Enhanced Edition,‚Ç™29.50,"22 Sep, 2008",https://store.steampowered.com/app/17100/Children_of_the_Nile_Enhanced_Edition/?snr=1_7_7_151_150_4
Mordheim: City of the Damned - Witch Hunters,‚Ç™36.95,"21 Jun, 2016",https://store.steampowered.com/app/450812/Mordheim_City_of_the_Damned__Witch_Hunters/?snr=1_7_7_151_150_4
Choice of the Vampire,‚Ç™21.95,"9 Feb, 2018",https://store.steampowered.com/app/776000/Choice_of_the_Vampire/?snr=1_7_7_151_150_4
Demon's Rise - Lords of Chaos,‚Ç™25.95,"24 Apr, 2018",https://store.steampowered.com/app/844420/Demons_Rise__Lords_of_Chaos/?snr=1_7_7_151_150_4
ÁΩ™Âç∞ Seal of sins,‚Ç™10.95,"22 Jun, 2021",https://store.steampowered.com/app/1633460/_Seal_of_sins/?snr=1_7_7_151_150_4
The Eyes Of Mars,none,2023,https://store.steampowered.com/app/2247540/The_Eyes_Of_Mars/?snr=1_7_7_151_150_4
Primordials: Battle of Gods,Free to Play,"3 Mar, 2021",https://store.steampowered.com/app/1316870/Primordials_Battle_of_Gods/?snr=1_7_7_151_150_4
A Plague Tale: Innocence - Coats of Arms DLC,discount from ‚Ç™8.00 to ‚Ç™4.00 (50%),"13 May, 2019",https://store.steampowered.com/app/967380/A_Plague_Tale_Innocence__Coats_of_Arms_DLC/?snr=1_7_7_151_150_4
Lords of the Realm III,‚Ç™18.50,"3 Dec, 2015",https://store.steampowered.com/app/254860/Lords_of_the_Realm_III/?snr=1_7_7_151_150_4
The World of Labyrinths: Labyronia,‚Ç™3.50,"1 Jun, 2018",https://store.steampowered.com/app/864740/The_World_of_Labyrinths_Labyronia/?snr=1_7_7_151_150_4
Choice of the Viking,discount from ‚Ç™29.50 to ‚Ç™19.47 (34%),"15 Dec, 2022",https://store.steampowered.com/app/1975530/Choice_of_the_Viking/?snr=1_7_7_151_150_4
Temple of Steel,none,"27 Oct, 2023",https://store.steampowered.com/app/2233970/Temple_of_Steel/?snr=1_7_7_151_150_4
Ash of Gods: The Way,none,Coming soon,https://store.steampowered.com/app/1293460/Ash_of_Gods_The_Way/?snr=1_7_7_151_150_5
Academagia: The Making of Mages,‚Ç™58.95,"20 Apr, 2017",https://store.steampowered.com/app/533480/Academagia_The_Making_of_Mages/?snr=1_7_7_151_150_5
Best of the best,"discount from ‚Ç™3,891.63 to ‚Ç™741.45 (81%)",none,https://store.steampowered.com/bundle/18201/Best_of_the_best/?snr=1_7_7_151_150_5
Tales of Nebezem: Elemental Link,‚Ç™14.50,"22 Feb, 2018",https://store.steampowered.com/app/788410/Tales_of_Nebezem_Elemental_Link/?snr=1_7_7_151_150_5
KAMiBAKO - Mythology of Cube -,none,TBD,https://store.steampowered.com/app/2081340/KAMiBAKO__Mythology_of_Cube/?snr=1_7_7_151_150_5
Heroes of Hellas Origins: Part One,discount from ‚Ç™25.95 to ‚Ç™5.19 (80%),"9 Oct, 2019",https://store.steampowered.com/app/1158260/Heroes_of_Hellas_Origins_Part_One/?snr=1_7_7_151_150_5
Xuan-Yuan Sword: The Gate of Firmament,‚Ç™55.95,"25 Feb, 2016",https://store.steampowered.com/app/427030/XuanYuan_Sword_The_Gate_of_Firmament/?snr=1_7_7_151_150_5
Song of Iron 2,none,Coming soon! Wishlist today!,https://store.steampowered.com/app/1979660/Song_of_Iron_2/?snr=1_7_7_151_150_5
Eador. Masters of the Broken World,‚Ç™73.95,"19 Apr, 2013",https://store.steampowered.com/app/232050/Eador_Masters_of_the_Broken_World/?snr=1_7_7_151_150_5
Fate of the Storm Gods,‚Ç™21.95,"28 Jan, 2021",https://store.steampowered.com/app/1380120/Fate_of_the_Storm_Gods/?snr=1_7_7_151_150_5
"Warhammer 40,000: Gladius - Adeptus Mechanicus",‚Ç™55.95,"22 Nov, 2021",https://store.steampowered.com/app/1788210/Warhammer_40000_Gladius__Adeptus_Mechanicus/?snr=1_7_7_151_150_5
Marlow Briggs and the Mask of Death,none,"20 Sep, 2013",https://store.steampowered.com/app/249680/Marlow_Briggs_and_the_Mask_of_Death/?snr=1_7_7_151_150_5
Seinarukana -The Spirit of Eternity Sword 2-,‚Ç™110.95,"26 Jan, 2017",https://store.steampowered.com/app/445430/Seinarukana_The_Spirit_of_Eternity_Sword_2/?snr=1_7_7_151_150_5
Dragon Throne Battle of Red Cliffs,none,Coming soon,https://store.steampowered.com/app/1733020/Dragon_Throne_Battle_of_Red_Cliffs/?snr=1_7_7_151_150_5
Adventure in the Tower of Flight,‚Ç™18.50,"23 Dec, 2015",https://store.steampowered.com/app/368830/Adventure_in_the_Tower_of_Flight/?snr=1_7_7_151_150_5
ATONE: Heart of the Elder Tree,none,"27 Jan, 2023",https://store.steampowered.com/app/894620/ATONE_Heart_of_the_Elder_Tree/?snr=1_7_7_151_150_5
Builders of Egypt: First pyramid,Free,"23 Jan, 2023",https://store.steampowered.com/app/1828060/Builders_of_Egypt_First_pyramid/?snr=1_7_7_151_150_5
Wayfarers: Call of Osiris,none,Coming soon,https://store.steampowered.com/app/1523330/Wayfarers_Call_of_Osiris/?snr=1_7_7_151_150_5
Pentaquin: Deeds Of Twilight,none,TBA,https://store.steampowered.com/app/913800/Pentaquin_Deeds_Of_Twilight/?snr=1_7_7_151_150_5
Wasteland 3: Cult of the Holy Detonation,‚Ç™25.95,"5 Oct, 2021",https://store.steampowered.com/app/1593330/Wasteland_3_Cult_of_the_Holy_Detonation/?snr=1_7_7_151_150_5
"Warhammer 40,000: Sanctus Reach - Horrors of the Warp",‚Ç™55.95,"24 May, 2018",https://store.steampowered.com/app/841150/Warhammer_40000_Sanctus_Reach__Horrors_of_the_Warp/?snr=1_7_7_151_150_5
Fantasy Toonz: Embers of Creation,none,End of Q3 2023,https://store.steampowered.com/app/1699140/Fantasy_Toonz_Embers_of_Creation/?snr=1_7_7_151_150_5
Knight of the Forgotten Realm,none,When it's ready.,https://store.steampowered.com/app/1840410/Knight_of_the_Forgotten_Realm/?snr=1_7_7_151_150_5
A Short Tale of Solitude,none,Coming soon,https://store.steampowered.com/app/1387210/A_Short_Tale_of_Solitude/?snr=1_7_7_151_150_5
Of Gods and Men: The Daybreak Empire,Free to Play,"9 Nov, 2018",https://store.steampowered.com/app/936610/Of_Gods_and_Men_The_Daybreak_Empire/?snr=1_7_7_151_150_5
Legend of Rome - The Wrath of Mars,‚Ç™36.95,"5 May, 2022",https://store.steampowered.com/app/1968760/Legend_of_Rome__The_Wrath_of_Mars/?snr=1_7_7_151_150_6
Reverie Knights Tactics + Ash of Gods: Redemption Complete Your Set,‚Ç™167.30,none,https://store.steampowered.com/bundle/24553/Reverie_Knights_Tactics__Ash_of_Gods_Redemption_Complete_Your_Set/?snr=1_7_7_151_150_6
Heroes of Myths - Warriors of Gods,‚Ç™7.25,"7 Dec, 2017",https://store.steampowered.com/app/680100/Heroes_of_Myths__Warriors_of_Gods/?snr=1_7_7_151_150_6
Guarding Goddess,Free To Play,"10 Nov, 2022",https://store.steampowered.com/app/1909860/Guarding_Goddess/?snr=1_7_7_151_150_6
Rise of Crustaceans,none,"28 May, 2018",https://store.steampowered.com/app/854310/Rise_of_Crustaceans/?snr=1_7_7_151_150_6
SUPER ROBOT WARS 30 - Expansion Pack,‚Ç™99.00,"12 Apr, 2022",https://store.steampowered.com/app/1823802/SUPER_ROBOT_WARS_30__Expansion_Pack/?snr=1_7_7_151_150_6
Â•π3 : Â§ç‰πêÂõ≠‰πãÊõ¶ Her3 : The Light of Paradise Regained,‚Ç™18.50,"24 Apr, 2020",https://store.steampowered.com/app/1099140/3___Her3__The_Light_of_Paradise_Regained/?snr=1_7_7_151_150_6
Empires of the Undergrowth Demo,Free Demo,"7 May, 2019",https://store.steampowered.com/app/463530/Empires_of_the_Undergrowth/?snr=1_7_7_151_150_6
"Warhammer 40,000: Gladius - Chaos Space Marines",‚Ç™55.95,"18 Jul, 2019",https://store.steampowered.com/app/1084820/Warhammer_40000_Gladius__Chaos_Space_Marines/?snr=1_7_7_151_150_6
Heroes of Civilizations,Free To Play,"11 Aug, 2017",https://store.steampowered.com/app/676490/Heroes_of_Civilizations/?snr=1_7_7_151_150_6
The Trials of Olympus II: Wrath of the Gods,‚Ç™25.95,"28 Jan, 2019",https://store.steampowered.com/app/1008610/The_Trials_of_Olympus_II_Wrath_of_the_Gods/?snr=1_7_7_151_150_6
"Warhammer 40,000: Gladius - Craftworld Aeldari",‚Ç™55.95,"12 Nov, 2020",https://store.steampowered.com/app/1425820/Warhammer_40000_Gladius__Craftworld_Aeldari/?snr=1_7_7_151_150_6
Defenders of Time,none,"4 Nov, 2014",https://store.steampowered.com/app/317330/Defenders_of_Time/?snr=1_7_7_151_150_6
Tree of Mu,‚Ç™36.95,"1 Dec, 2022",https://store.steampowered.com/app/1680620/Tree_of_Mu/?snr=1_7_7_151_150_6
Cradle of Souls,‚Ç™25.95,"18 Feb, 2022",https://store.steampowered.com/app/1797440/Cradle_of_Souls/?snr=1_7_7_151_150_6
Sker Ritual,‚Ç™55.95,"6 Oct, 2022",https://store.steampowered.com/app/1492070/Sker_Ritual/?snr=1_7_7_151_150_6
Beard of Stone Demo,Free Demo,"19 Sep, 2021",https://store.steampowered.com/app/989380/Beard_of_Stone/?snr=1_7_7_151_150_6
Champions of Odin,‚Ç™55.95,"25 Aug, 2017",https://store.steampowered.com/app/479200/Champions_of_Odin/?snr=1_7_7_151_150_6
Tales of the Underworld - Legends of Primordial Sea,‚Ç™55.95,"3 Jan, 2022",https://store.steampowered.com/app/1840570/Tales_of_the_Underworld__Legends_of_Primordial_Sea/?snr=1_7_7_151_150_6
Tales of Mahabharata,‚Ç™18.50,"14 Aug, 2018",https://store.steampowered.com/app/867920/Tales_of_Mahabharata/?snr=1_7_7_151_150_6
Chronicle of Forgotten Times: Pawn of the Gods,‚Ç™36.95,"2 Jun, 2022",https://store.steampowered.com/app/1983780/Chronicle_of_Forgotten_Times_Pawn_of_the_Gods/?snr=1_7_7_151_150_6
Gates of Hell,‚Ç™3.50,"5 Nov, 2019",https://store.steampowered.com/app/1136420/Gates_of_Hell/?snr=1_7_7_151_150_6
Fables of Talumos,‚Ç™25.95,"1 Sep, 2019",https://store.steampowered.com/app/1085570/Fables_of_Talumos/?snr=1_7_7_151_150_6
TITANS: Dawn of Tribes,none,"15 Jun, 2017",https://store.steampowered.com/app/467570/TITANS_Dawn_of_Tribes/?snr=1_7_7_151_150_6
Nocturne of Steel,‚Ç™3.50,"27 Sep, 2018",https://store.steampowered.com/app/883810/Nocturne_of_Steel/?snr=1_7_7_151_150_6
Shadows of Forbidden Gods Demo,Free Demo,"13 Sep, 2021",https://store.steampowered.com/app/1741640/Shadows_of_Forbidden_Gods/?snr=1_7_7_151_150_7
Blood Rage: Digital Edition - Mystics of Midgard,‚Ç™18.50,"17 Sep, 2020",https://store.steampowered.com/app/1354120/Blood_Rage_Digital_Edition__Mystics_of_Midgard/?snr=1_7_7_151_150_7
The Fermi Paradox,‚Ç™69.95,"1 Jul, 2021",https://store.steampowered.com/app/1543150/The_Fermi_Paradox/?snr=1_7_7_151_150_7
Gods of Havoc: Into the Void,‚Ç™29.50,"8 Aug, 2019",https://store.steampowered.com/app/1117340/Gods_of_Havoc_Into_the_Void/?snr=1_7_7_151_150_7
Gods of Havoc: Fall to Earth,‚Ç™29.50,"22 Aug, 2019",https://store.steampowered.com/app/1120770/Gods_of_Havoc_Fall_to_Earth/?snr=1_7_7_151_150_7
Great Battles of Carolus XII,‚Ç™21.95,"16 May, 2021",https://store.steampowered.com/app/1548280/Great_Battles_of_Carolus_XII/?snr=1_7_7_151_150_7
Shrine of the Spirits,Free to Play,"2 Dec, 2022",https://store.steampowered.com/app/1956710/Shrine_of_the_Spirits/?snr=1_7_7_151_150_7
Tale of Legends -‰ºùÂâµË®ò-,‚Ç™36.95,"10 Oct, 2018",https://store.steampowered.com/app/936870/Tale_of_Legends/?snr=1_7_7_151_150_7
Choice of the Viking Demo,Free Demo,"19 Sep, 2022",https://store.steampowered.com/app/1975530/Choice_of_the_Viking/?snr=1_7_7_151_150_7
Chronicle of Forgotten Times: Pawn of the Gods Demo,Free Demo,"26 May, 2022",https://store.steampowered.com/app/1983780/Chronicle_of_Forgotten_Times_Pawn_of_the_Gods/?snr=1_7_7_151_150_7
Army of Tentacles: Ultimate H.P. LOLcraft Deluxe Platinum Non-Award Winning Pack,‚Ç™197.27,none,https://store.steampowered.com/bundle/1903/Army_of_Tentacles_Ultimate_HP_LOLcraft_Deluxe_Platinum_NonAward_Winning_Pack/?snr=1_7_7_151_150_7
The Eyes Of Mars Demo,Free Demo,"14 Dec, 2022",https://store.steampowered.com/app/2247540/The_Eyes_Of_Mars/?snr=1_7_7_151_150_7
"Warhammer 40,000: Gladius - Specialist Pack",‚Ç™25.95,"3 Jun, 2021",https://store.steampowered.com/app/1640850/Warhammer_40000_Gladius__Specialist_Pack/?snr=1_7_7_151_150_7
Carnival of Gods: Oppression,‚Ç™25.95,"30 Nov, 2022",https://store.steampowered.com/app/1951530/Carnival_of_Gods_Oppression/?snr=1_7_7_151_150_7
Champion of the Gods Demo,Free Demo,"17 Jul, 2015",https://store.steampowered.com/app/386520/Champion_of_the_Gods/?snr=1_7_7_151_150_7
The Blackbird of Amor,‚Ç™73.95,"15 Jun, 2020",https://store.steampowered.com/app/1208860/The_Blackbird_of_Amor/?snr=1_7_7_151_150_7
Command Ops 2: Foothills of the Gods Vol. 2,‚Ç™131.95,"15 Feb, 2017",https://store.steampowered.com/app/524175/Command_Ops_2_Foothills_of_the_Gods_Vol_2/?snr=1_7_7_151_150_7
Exogenesis ~Perils of Rebirth~,‚Ç™110.95,"19 Apr, 2019",https://store.steampowered.com/app/1041270/Exogenesis_Perils_of_Rebirth/?snr=1_7_7_151_150_7
Lords of the Fallen -  Ancient Labyrinth,discount from ‚Ç™29.50 to ‚Ç™11.80 (60%),"28 Oct, 2014",https://store.steampowered.com/app/333800/Lords_of_the_Fallen___Ancient_Labyrinth/?snr=1_7_7_151_150_7
Songs of Syx Demo,Free Demo,"24 Aug, 2020",https://store.steampowered.com/app/1162750/Songs_of_Syx/?snr=1_7_7_151_150_7
Choice of Magics Demo,Free Demo,"10 Aug, 2018",https://store.steampowered.com/app/918380/Choice_of_Magics/?snr=1_7_7_151_150_7
Trail of Ayash Demo,Free Demo,"3 Feb, 2021",https://store.steampowered.com/app/1383370/Trail_of_Ayash/?snr=1_7_7_151_150_7
Defenders of Time Demo,Free Demo,"14 Nov, 2014",https://store.steampowered.com/app/317330/Defenders_of_Time/?snr=1_7_7_151_150_7
Nightork Adventures 2 - Legacy of Chaos,Free to Play,"4 Sep, 2017",https://store.steampowered.com/app/688630/Nightork_Adventures_2__Legacy_of_Chaos/?snr=1_7_7_151_150_7
Fight of Gods Original Soundtrack,‚Ç™18.50,"26 Sep, 2017",https://store.steampowered.com/app/654190/Fight_of_Gods_Original_Soundtrack/?snr=1_7_7_151_150_7
Sands of Slumber: The RPG,Free,"22 Nov, 2022",https://store.steampowered.com/app/2174160/Sands_of_Slumber_The_RPG/?snr=1_7_7_151_150_8
Legends of Primordial Sea Demo,Free Demo,"30 Dec, 2021",https://store.steampowered.com/app/1840570/Tales_of_the_Underworld__Legends_of_Primordial_Sea/?snr=1_7_7_151_150_8
Exile of the Gods Demo,Free Demo,"11 Jul, 2019",https://store.steampowered.com/app/1069610/Exile_of_the_Gods/?snr=1_7_7_151_150_8
Tale of Legends -‰ºùÂâµË®ò- Demo,Free Demo,"23 Sep, 2018",https://store.steampowered.com/app/936870/Tale_of_Legends/?snr=1_7_7_151_150_8
Heroes of The Sacred Tree,‚Ç™55.95,"10 Mar, 2022",https://store.steampowered.com/app/1903280/Heroes_of_The_Sacred_Tree/?snr=1_7_7_151_150_8
Fantasy Grounds - Destroyer of Worlds,‚Ç™73.95,"13 Oct, 2020",https://store.steampowered.com/app/1441660/Fantasy_Grounds__Destroyer_of_Worlds/?snr=1_7_7_151_150_8
Blood Rage: Digital Edition - Gods of Asgard,‚Ç™18.50,"3 Mar, 2021",https://store.steampowered.com/app/1366580/Blood_Rage_Digital_Edition__Gods_of_Asgard/?snr=1_7_7_151_150_8
Rise of Titans - Welcome Pack,‚Ç™47.95,"31 Jul, 2018",https://store.steampowered.com/app/884710/Rise_of_Titans__Welcome_Pack/?snr=1_7_7_151_150_8
Curse of the Great Forest,Free to Play,"24 Jun, 2017",https://store.steampowered.com/app/652060/Curse_of_the_Great_Forest/?snr=1_7_7_151_150_8
A Plague Tale: Requiem - Protector Pack DLC,‚Ç™12.00,"17 Oct, 2022",https://store.steampowered.com/app/1906530/A_Plague_Tale_Requiem__Protector_Pack_DLC/?snr=1_7_7_151_150_8
First Hero - Epic of Gilgamesh,‚Ç™25.95,"18 Apr, 2022",https://store.steampowered.com/app/1379610/First_Hero__Epic_of_Gilgamesh/?snr=1_7_7_151_150_8
Defenders of the Realm VR  VR Only,‚Ç™55.95,"22 May, 2017",https://store.steampowered.com/app/638900/Defenders_of_the_Realm_VR/?snr=1_7_7_151_150_8
FIVE: Guardians of David Soundtrack,‚Ç™10.95,"9 Dec, 2015",https://store.steampowered.com/app/422690/FIVE_Guardians_of_David_Soundtrack/?snr=1_7_7_151_150_8
Six Ages: Ride Like the Wind,‚Ç™73.99,"17 Oct, 2019",https://store.steampowered.com/app/881420/Six_Ages_Ride_Like_the_Wind/?snr=1_7_7_151_150_8
Exogenesis ~Perils of Rebirth~ Demo,Free Demo,"28 Jun, 2019",https://store.steampowered.com/app/1041270/Exogenesis_Perils_of_Rebirth/?snr=1_7_7_151_150_8
Invictus: In the Shadow of Olympus,‚Ç™36.95,"18 Dec, 2017",https://store.steampowered.com/app/692660/Invictus_In_the_Shadow_of_Olympus/?snr=1_7_7_151_150_8
Ashes of the Singularity: Escalation - Gauntlet DLC,‚Ç™14.50,"16 Feb, 2017",https://store.steampowered.com/app/520644/Ashes_of_the_Singularity_Escalation__Gauntlet_DLC/?snr=1_7_7_151_150_8
Europa Universalis IV: Songs of Yuletide,Free,"20 Dec, 2013",https://store.steampowered.com/app/241373/Europa_Universalis_IV_Songs_of_Yuletide/?snr=1_7_7_151_150_8
Kingdom Come: Deliverance Royal Edition,‚Ç™149.95,"28 May, 2019",https://store.steampowered.com/sub/368776/?snr=1_7_7_151_150_8
Choice of the Vampire Demo,Free Demo,"9 Feb, 2018",https://store.steampowered.com/app/776000/Choice_of_the_Vampire/?snr=1_7_7_151_150_8
Fantasy Grounds - Book of the Underworld,‚Ç™47.95,"31 May, 2022",https://store.steampowered.com/app/1950900/Fantasy_Grounds__Book_of_the_Underworld/?snr=1_7_7_151_150_8
Crusader Kings II: Songs of Yuletide,Free,"20 Dec, 2013",https://store.steampowered.com/app/226671/Crusader_Kings_II_Songs_of_Yuletide/?snr=1_7_7_151_150_8
È≠îÊ≥ï‰π¶Ëµ∑Ê∫ê(Origin of the magic book),‚Ç™10.95,"11 Aug, 2022",https://store.steampowered.com/app/1976850/Origin_of_the_magic_book/?snr=1_7_7_151_150_8
Fantasy Grounds - Gauntlet of Spiragos (PFRPG),‚Ç™3.50,"7 Mar, 2017",https://store.steampowered.com/app/605700/Fantasy_Grounds__Gauntlet_of_Spiragos_PFRPG/?snr=1_7_7_151_150_8
Ash of Gods: The Way Demo,Free Demo,"17 Jun, 2021",https://store.steampowered.com/app/1293460/Ash_of_Gods_The_Way/?snr=1_7_7_151_150_8
Fantasy Grounds - New Gods of Mankind - Anointed: Token Pack - Elder Races of Naalrinnon,‚Ç™21.95,"12 Sep, 2016",https://store.steampowered.com/app/527220/Fantasy_Grounds__New_Gods_of_Mankind__Anointed_Token_Pack__Elder_Races_of_Naalrinnon/?snr=1_7_7_151_150_9
Expansion - Crusader Kings II: The Old Gods,‚Ç™52.76,"28 May, 2013",https://store.steampowered.com/app/210908/Expansion__Crusader_Kings_II_The_Old_Gods/?snr=1_7_7_151_150_9
Fantasy Grounds - The Seas of Vodari,‚Ç™92.95,"14 Jul, 2020",https://store.steampowered.com/app/1348850/Fantasy_Grounds__The_Seas_of_Vodari/?snr=1_7_7_151_150_9
Fantasy Grounds - D&D Fizban's Treasury of Dragons,‚Ç™110.95,"25 Oct, 2021",https://store.steampowered.com/app/1782830/Fantasy_Grounds__DD_Fizbans_Treasury_of_Dragons/?snr=1_7_7_151_150_9
Evil West - Wild Wild East Skin Pack,‚Ç™12.00,"21 Nov, 2022",https://store.steampowered.com/app/1997840/Evil_West__Wild_Wild_East_Skin_Pack/?snr=1_7_7_151_150_9
Mahjong Masters: Temple of the Ten Gods,‚Ç™25.95,"19 Jun, 2017",https://store.steampowered.com/app/655650/Mahjong_Masters_Temple_of_the_Ten_Gods/?snr=1_7_7_151_150_9
Fate of the Storm Gods Demo,Free Demo,"28 Jan, 2021",https://store.steampowered.com/app/1380120/Fate_of_the_Storm_Gods/?snr=1_7_7_151_150_9
Fateful Hour Bundle,discount from ‚Ç™203.85 to ‚Ç™144.74 (29%),none,https://store.steampowered.com/bundle/21278/Fateful_Hour_Bundle/?snr=1_7_7_151_150_9
Kingdom Come: Deliverance Collection,‚Ç™264.75,none,https://store.steampowered.com/bundle/10287/Kingdom_Come_Deliverance_Collection/?snr=1_7_7_151_150_9
Fantasy Grounds - Gauntlet of Spiragos (5E),‚Ç™3.50,"27 Jan, 2017",https://store.steampowered.com/app/587150/Fantasy_Grounds__Gauntlet_of_Spiragos_5E/?snr=1_7_7_151_150_9
Imperiums: Troy,Free,"2 Dec, 2020",https://store.steampowered.com/app/1404250/Imperiums_Troy/?snr=1_7_7_151_150_9
"Nobunaga's Ambition: Taishi - „Ç∑„Éä„É™„Ç™„ÄåË∂äÂæå„ÅÆÁæ©Â∞Ü„Äç/Scenario ""The Dutiful Lord of Echigo""",‚Ç™10.95,"29 Nov, 2017",https://store.steampowered.com/app/735070/Nobunagas_Ambition_Taishi__Scenario_The_Dutiful_Lord_of_Echigo/?snr=1_7_7_151_150_9
Children of the Nile: Enhanced Edition Demo,Free Demo,"8 Jul, 2008",https://store.steampowered.com/app/17100/Children_of_the_Nile_Enhanced_Edition/?snr=1_7_7_151_150_9
Reborn Secret Bundle,‚Ç™53.25,none,https://store.steampowered.com/bundle/28690/Reborn_Secret_Bundle/?snr=1_7_7_151_150_9
Rebellion Anthology,"‚Ç™1,279.54",none,https://store.steampowered.com/bundle/646/Rebellion_Anthology/?snr=1_7_7_151_150_9
Fantasy Grounds - World of Farland Campaign Setting,‚Ç™36.95,"5 May, 2021",https://store.steampowered.com/app/1588980/Fantasy_Grounds__World_of_Farland_Campaign_Setting/?snr=1_7_7_151_150_9
Pagui soundtrack album#4-The Beginning of The Ending,‚Ç™29.50,"3 Aug, 2022",https://store.steampowered.com/app/2102510/Pagui_soundtrack_album4The_Beginning_of_The_Ending/?snr=1_7_7_151_150_9
Bloody Sand : The Gods Of Assyria Demo,Free Demo,"18 Nov, 2020",https://store.steampowered.com/app/1465480/Bloody_Sand__The_Gods_Of_Assyria/?snr=1_7_7_151_150_9
Omensight: Definitive Edition,‚Ç™73.95,"15 May, 2018",https://store.steampowered.com/app/455820/Omensight_Definitive_Edition/?snr=1_7_7_151_150_9
Fantasy Grounds - Odyssey of the Dragon Lords (5E),‚Ç™149.95,"17 Dec, 2019",https://store.steampowered.com/app/1209710/Fantasy_Grounds__Odyssey_of_the_Dragon_Lords_5E/?snr=1_7_7_151_150_9
Niffelheim,‚Ç™73.95,"26 Sep, 2018",https://store.steampowered.com/app/351100/Niffelheim/?snr=1_7_7_151_150_9
Fantasy Grounds - Lankhmar: Savage Tales of the Thieves Guild,‚Ç™36.95,"15 Mar, 2022",https://store.steampowered.com/app/1846010/Fantasy_Grounds__Lankhmar_Savage_Tales_of_the_Thieves_Guild/?snr=1_7_7_151_150_9
Arkane 20th Anniversary Bundle,‚Ç™352.23,none,https://store.steampowered.com/bundle/15587/Arkane_20th_Anniversary_Bundle/?snr=1_7_7_151_150_9
Of Gods and Men: The Daybreak Empire Demo,Free Demo,"9 Nov, 2018",https://store.steampowered.com/app/936610/Of_Gods_and_Men_The_Daybreak_Empire/?snr=1_7_7_151_150_9
Sokpop Super Bundle,‚Ç™771.84,none,https://store.steampowered.com/bundle/13247/Sokpop_Super_Bundle/?snr=1_7_7_151_150_9
The Dark Times Bundle,‚Ç™156.31,none,https://store.steampowered.com/bundle/25968/The_Dark_Times_Bundle/?snr=1_7_7_151_150_10
Oriental Empires: Three Kingdoms,‚Ç™36.95,"29 Aug, 2019",https://store.steampowered.com/app/1089620/Oriental_Empires_Three_Kingdoms/?snr=1_7_7_151_150_10
HeroCraft Publisher Bundle,discount from ‚Ç™350.16 to ‚Ç™74.12 (79%),none,https://store.steampowered.com/bundle/569/HeroCraft_Publisher_Bundle/?snr=1_7_7_151_150_10
Pon Para and the Great Southern Labyrinth,‚Ç™25.95,"9 May, 2019",https://store.steampowered.com/app/1074550/Pon_Para_and_the_Great_Southern_Labyrinth/?snr=1_7_7_151_150_10
Crusader Kings II: Dynasty Starter Pack,‚Ç™136.03,none,https://store.steampowered.com/bundle/5177/Crusader_Kings_II_Dynasty_Starter_Pack/?snr=1_7_7_151_150_10
SUPER BUNDLE,discount from ‚Ç™769.44 to ‚Ç™449.12 (42%),none,https://store.steampowered.com/bundle/24292/SUPER_BUNDLE/?snr=1_7_7_151_150_10
Fantasy Grounds - DB2 Crater of Umeshti (Castles & Crusades),‚Ç™21.95,"13 Feb, 2017",https://store.steampowered.com/app/592110/Fantasy_Grounds__DB2_Crater_of_Umeshti_Castles__Crusades/?snr=1_7_7_151_150_10
Fantasy Grounds - C2 Shades of Mist (Castles and Crusades),‚Ç™32.95,"21 Feb, 2017",https://store.steampowered.com/app/596130/Fantasy_Grounds__C2_Shades_of_Mist_Castles_and_Crusades/?snr=1_7_7_151_150_10
X-Blades,discount from ‚Ç™36.95 to ‚Ç™18.47 (50%),"30 Apr, 2009",https://store.steampowered.com/app/7510/XBlades/?snr=1_7_7_151_150_10
Stars in Shadow: Legacies,‚Ç™18.50,"19 Oct, 2017",https://store.steampowered.com/app/698280/Stars_in_Shadow_Legacies/?snr=1_7_7_151_150_10
Fantasy Grounds - Echoes of the Past: The Slarecian Legacy (PFRPG),‚Ç™92.95,"27 Jun, 2018",https://store.steampowered.com/app/887180/Fantasy_Grounds__Echoes_of_the_Past_The_Slarecian_Legacy_PFRPG/?snr=1_7_7_151_150_10
Deathless: The City's Thirst,‚Ç™14.50,"23 Oct, 2015",https://store.steampowered.com/app/410910/Deathless_The_Citys_Thirst/?snr=1_7_7_151_150_10
Fantasy Grounds - Aegis of Empires 3: When Comes the Moon,‚Ç™36.95,"13 Apr, 2021",https://store.steampowered.com/app/1539470/Fantasy_Grounds__Aegis_of_Empires_3_When_Comes_the_Moon/?snr=1_7_7_151_150_10
Fantasy Grounds - Aegis of Empires 3: When Comes the Moon,‚Ç™92.95,"6 Apr, 2021",https://store.steampowered.com/app/1539490/Fantasy_Grounds__Aegis_of_Empires_3_When_Comes_the_Moon/?snr=1_7_7_151_150_10
Resolutiion,‚Ç™73.95,"28 May, 2020",https://store.steampowered.com/app/975150/Resolutiion/?snr=1_7_7_151_150_10
Collapse,‚Ç™73.95,"11 Apr, 2014",https://store.steampowered.com/app/289620/Collapse/?snr=1_7_7_151_150_10
Tower Behind the Moon,‚Ç™25.95,"20 Dec, 2018",https://store.steampowered.com/app/1001490/Tower_Behind_the_Moon/?snr=1_7_7_151_150_10
Galaxy Citizen,none,"6 Feb, 2022",https://store.steampowered.com/app/1800650/Galaxy_Citizen/?snr=1_7_7_151_150_10
Fantasy Grounds - Aegis of Empires 3: When Comes the Moon (PFRPG),‚Ç™40.95,"30 Mar, 2021",https://store.steampowered.com/app/1539480/Fantasy_Grounds__Aegis_of_Empires_3_When_Comes_the_Moon_PFRPG/?snr=1_7_7_151_150_10
Natalia Theodoridou Bundle,‚Ç™62.39,none,https://store.steampowered.com/bundle/25506/Natalia_Theodoridou_Bundle/?snr=1_7_7_151_150_10
Neon Souls,‚Ç™18.50,"21 Oct, 2021",https://store.steampowered.com/app/1596270/Neon_Souls/?snr=1_7_7_151_150_10
How to Survive 2 -  Kovac's Ultimate Edition,‚Ç™81.09,none,https://store.steampowered.com/bundle/1936/How_to_Survive_2___Kovacs_Ultimate_Edition/?snr=1_7_7_151_150_10
Ê∑±Êµ∑ÊçïÈ±º/Deep Fishing,Free To Play,"31 Jan, 2022",https://store.steampowered.com/app/1648550/Deep_Fishing/?snr=1_7_7_151_150_10
ÊçïÈ±ºÁéãÂõΩFishing Kingdom,none,"4 Apr, 2022",https://store.steampowered.com/app/1937220/Fishing_Kingdom/?snr=1_7_7_151_150_10
Kingdom Heroes 8 The Hibiscus storm clouds,‚Ç™25.95,"14 Sep, 2021",https://store.steampowered.com/app/1711770/Kingdom_Heroes_8_The_Hibiscus_storm_clouds/?snr=1_7_7_151_150_10
Fantasy Grounds - Pathfinder RPG - Carrion Crown AP 4: Wake of the Watcher (PFRPG),‚Ç™73.95,"19 Nov, 2018",https://store.steampowered.com/app/984850/Fantasy_Grounds__Pathfinder_RPG__Carrion_Crown_AP_4_Wake_of_the_Watcher_PFRPG/?snr=1_7_7_151_150_11
Â§ßÂÆáË≥áË®äÁâπÈÅ∏ÈÅäÊà≤ ÂêåÊçÜÁµÑ „ÄäSoftstar Games Bundle„Äã,‚Ç™100.70,none,https://store.steampowered.com/bundle/2266/__Softstar_Games_Bundle/?snr=1_7_7_151_150_11
Helheim,‚Ç™36.95,"1 Feb, 2019",https://store.steampowered.com/app/924100/Helheim/?snr=1_7_7_151_150_11
Epic battles within 5 seconds!,Free to Play,"8 Feb, 2016",https://store.steampowered.com/app/440740/Epic_battles_within_5_seconds/?snr=1_7_7_151_150_11
Groove Coaster Non-Stop Mix,‚Ç™656.56,none,https://store.steampowered.com/bundle/8740/Groove_Coaster_NonStop_Mix/?snr=1_7_7_151_150_11
Fantasy Grounds - 3.5E/PFRPG: SH2: The Temple of Jewels and Mirrors,‚Ç™36.95,"3 Jun, 2016",https://store.steampowered.com/app/484940/Fantasy_Grounds__35EPFRPG_SH2_The_Temple_of_Jewels_and_Mirrors/?snr=1_7_7_151_150_11
Fantasy Grounds - 5E: Shattered Heart Adventure Path (5E): The Temple of Jewels and Mirrors,‚Ç™36.95,"19 Feb, 2016",https://store.steampowered.com/app/445931/Fantasy_Grounds__5E_Shattered_Heart_Adventure_Path_5E_The_Temple_of_Jewels_and_Mirrors/?snr=1_7_7_151_150_11
Craftia's Defender,none,2024,https://store.steampowered.com/app/2220600/Craftias_Defender/?snr=1_7_7_151_150_11
Warden's Will,none,2024,https://store.steampowered.com/app/1689640/Wardens_Will/?snr=1_7_7_151_150_11
Galaxy Citizen -Classic,Free To Play,Coming soon,https://store.steampowered.com/app/2010130/Galaxy_Citizen_Classic/?snr=1_7_7_151_150_11
Galaxy Citizen - Beginning,Free,Coming soon,https://store.steampowered.com/app/2002100/Galaxy_Citizen__Beginning/?snr=1_7_7_151_150_11
Galaxy Citizen- Premium Edition,none,Coming soon,https://store.steampowered.com/app/1938610/Galaxy_Citizen_Premium_Edition/?snr=1_7_7_151_150_11
Strategy & Tactics: Wargame Collection - Vikings!,discount from ‚Ç™10.95 to ‚Ç™3.72 (66%),"7 Nov, 2016",https://store.steampowered.com/app/536740/Strategy__Tactics_Wargame_Collection__Vikings/?snr=1_7_7_151_150_11
Hexagon World,‚Ç™36.95,"4 Aug, 2021",https://store.steampowered.com/app/1701040/Hexagon_World/?snr=1_7_7_151_150_11
Command Ops 2 - Commander Pack I,‚Ç™477.40,none,https://store.steampowered.com/bundle/2724/Command_Ops_2__Commander_Pack_I/?snr=1_7_7_151_150_11
Command Ops 2 - Commander Pack II,‚Ç™613.97,none,https://store.steampowered.com/bundle/2738/Command_Ops_2__Commander_Pack_II/?snr=1_7_7_151_150_11
THE QUIET MAN‚Ñ¢,discount from ‚Ç™54.95 to ‚Ç™10.99 (80%),"1 Nov, 2018",https://store.steampowered.com/app/790540/THE_QUIET_MAN/?snr=1_7_7_151_150_11
Ascension: Delirium,‚Ç™21.95,"29 Jul, 2019",https://store.steampowered.com/app/987500/Ascension_Delirium/?snr=1_7_7_151_150_11
Pon Para and the Unconquerable Scorpion,‚Ç™29.50,"16 Dec, 2021",https://store.steampowered.com/app/1288650/Pon_Para_and_the_Unconquerable_Scorpion/?snr=1_7_7_151_150_11
X-Blades - Soundtrack,discount from ‚Ç™25.95 to ‚Ç™12.97 (50%),"15 May, 2017",https://store.steampowered.com/app/604290/XBlades__Soundtrack/?snr=1_7_7_151_150_11
Pon Para and the Great Southern Labyrinth Demo,Free Demo,"9 May, 2019",https://store.steampowered.com/app/1074550/Pon_Para_and_the_Great_Southern_Labyrinth/?snr=1_7_7_151_150_11
Pon Para and the Unconquerable Scorpion Demo,Free Demo,"16 Dec, 2021",https://store.steampowered.com/app/1288650/Pon_Para_and_the_Unconquerable_Scorpion/?snr=1_7_7_151_150_11
Guarding Goddess-SS Fire Demon,‚Ç™3.50,"22 Nov, 2022",https://store.steampowered.com/app/2110450/Guarding_GoddessSS_Fire_Demon/?snr=1_7_7_151_150_11
Deathless: The City's Thirst Demo,Free Demo,"23 Oct, 2015",https://store.steampowered.com/app/410910/Deathless_The_Citys_Thirst/?snr=1_7_7_151_150_11
Guardian Goddess-Lucky Gift,‚Ç™21.95,"10 Nov, 2022",https://store.steampowered.com/app/2110451/Guardian_GoddessLucky_Gift/?snr=1_7_7_151_150_11
Agarest 2 - Bundle #3,‚Ç™32.95,"13 Mar, 2015",https://store.steampowered.com/app/343940/Agarest_2__Bundle_3/?snr=1_7_7_151_150_12
Tower Behind the Moon Demo,Free Demo,"20 Dec, 2018",https://store.steampowered.com/app/1001490/Tower_Behind_the_Moon/?snr=1_7_7_151_150_12
X-Blades - Digital Deluxe Content,discount from ‚Ç™25.95 to ‚Ç™12.97 (50%),"15 May, 2017",https://store.steampowered.com/app/604280/XBlades__Digital_Deluxe_Content/?snr=1_7_7_151_150_12
Overture OST,‚Ç™10.95,"2 Feb, 2015",https://store.steampowered.com/app/347900/Overture_OST/?snr=1_7_7_151_150_12
Third Eye,‚Ç™58.95,"5 Aug, 2019",https://store.steampowered.com/app/515060/Third_Eye/?snr=1_7_7_151_150_12
ATONE Demo,Free Demo,"3 Oct, 2022",https://store.steampowered.com/app/894620/ATONE_Heart_of_the_Elder_Tree/?snr=1_7_7_151_150_12
Sliding Puzzle Deluxe The Classic,‚Ç™10.95,"17 Nov, 2022",https://store.steampowered.com/app/2205490/Sliding_Puzzle_Deluxe_The_Classic/?snr=1_7_7_151_150_12
Dark Scavenger - Soundtrack,‚Ç™10.95,"23 Jan, 2015",https://store.steampowered.com/app/339770/Dark_Scavenger__Soundtrack/?snr=1_7_7_151_150_12
A Plague Tale: Innocence Demo,Free Demo,"12 Sep, 2019",https://store.steampowered.com/app/752590/A_Plague_Tale_Innocence/?snr=1_7_7_151_150_12
